sector,theta12,theta23,theta13,score
CKM,0.06423078989537608,0.01934622909572978,0.010103919592505327,0.1920269006013995
PMNS,0.5101553888901168,0.23963959845429575,0.39700815765387487,0.7472131703094623
