sector,theta12,theta23,theta13,score
CKM,0.12548741494588503,0.23607788377594469,0.14997807204804742,0.4420685408781071
PMNS,0.15367310225112915,0.052972512785606565,0.10860731575966072,1.0847470692036036
