sector,theta12,theta23,theta13
CKM,0.18708045000070644,0.3274615290580705,0.1461114461773015
PMNS,0.1511264817360838,0.2749424517765845,0.1658844104099065
