ordering,theta12,theta23,theta13,J,absJ,loss,unitarity_defect
swap_SC,31.31916476328958,48.625371929319414,8.360910283692682,-0.03134778050694214,0.03134778050694214,265.4821821197853,4.0020638300769703e-16
canonical_MCSJ,33.82391173447424,48.71239826322023,7.683737580614394,-0.030099539394708472,0.030099539394708472,944.4112559390614,3.4050107584574765e-16
swap_CM,31.148275167788274,43.75225356970565,13.820635270560025,-0.025094899721019564,0.025094899721019564,32544.70667713825,2.58246670560308e-16
reverse_JSCM,28.776556758604006,45.77625338176086,14.012635915250629,-0.018834773748567922,0.018834773748567922,37015.17765823472,6.123942426417842e-16
