sector,theta12,theta23,theta13
CKM,0.00908647457195433,0.15088341474345104,0.9397006843253214
PMNS,0.7023456585811496,0.4690548213794294,0.31526707669315607
